{"stats":{"minecraft:custom":{"minecraft:time_since_rest":15602,"minecraft:open_chest":4,"minecraft:play_one_minute":15602,"minecraft:crouch_one_cm":86,"minecraft:walk_one_cm":10349,"minecraft:sneak_time":363,"minecraft:drop":1,"minecraft:jump":23,"minecraft:leave_game":2,"minecraft:play_record":1,"minecraft:time_since_death":15602,"minecraft:fly_one_cm":137822},"minecraft:dropped":{"minecraft:grass_block":1},"minecraft:used":{"minecraft:cobblestone":2,"minecraft:cobblestone_stairs":1,"minecraft:command_block":1,"minecraft:oak_stairs":2,"minecraft:grass_block":13,"minecraft:barrier":166,"minecraft:oak_planks":30,"minecraft:chest":1,"minecraft:stone_pressure_plate":1,"minecraft:music_disc_11":1,"minecraft:jukebox":1},"minecraft:picked_up":{"minecraft:music_disc_11":2,"minecraft:grass_block":1}},"DataVersion":2586}